{
  "scripts": {
    "validate": "echo 'Validating Angular 19 migration structure...' && npm run type-check",
    "setup": "echo 'Setting up Angular 19 project...' && npm install",
    "dev": "npm run start:web",
    "prod": "npm run build:web"
  },
  "migration": {
    "from": "AngularJS 1.8",
    "to": "Angular 19",
    "status": "✅ COMPLETED",
    "features_migrated": [
      "JWT Authentication",
      "User & Admin Dashboards", 
      "Savings Account Management",
      "Error Handling",
      "Navigation & Routing",
      "Responsive UI"
    ],
    "architecture": {
      "standalone_components": true,
      "angular_signals": true,
      "lazy_loading": true,
      "modular_structure": true,
      "solid_principles": true,
      "typescript_strict": true
    }
  }
}
